student_id,course_id,assessment_date,assessment_type,score,max_score
STU-1001,DATA-101,2026-09-10,Quiz 1,87.4,100.0
STU-1001,DATA-101,2026-09-30,Midterm Exam,90.8,100.0
STU-1001,DATA-101,2026-10-15,Quiz 2,96.8,100.0
STU-1001,DATA-101,2026-11-05,Final Exam,86.3,100.0
STU-1002,DATA-101,2026-09-10,Quiz 1,84.1,100.0
STU-1002,DATA-101,2026-09-30,Midterm Exam,90.4,100.0
STU-1002,DATA-101,2026-10-15,Quiz 2,85.8,100.0
STU-1002,DATA-101,2026-11-05,Final Exam,83.8,100.0
STU-1003,DATA-101,2026-09-10,Quiz 1,84.6,100.0
STU-1003,DATA-101,2026-09-30,Midterm Exam,82.8,100.0
STU-1003,DATA-101,2026-10-15,Quiz 2,85.2,100.0
STU-1003,DATA-101,2026-11-05,Final Exam,87.0,100.0
STU-1004,DATA-101,2026-09-10,Quiz 1,86.9,100.0
STU-1004,DATA-101,2026-09-30,Midterm Exam,94.2,100.0
STU-1004,DATA-101,2026-10-15,Quiz 2,86.6,100.0
STU-1004,DATA-101,2026-11-05,Final Exam,90.0,100.0
STU-1005,DATA-101,2026-09-10,Quiz 1,84.8,100.0
STU-1005,DATA-101,2026-09-30,Midterm Exam,87.6,100.0
STU-1005,DATA-101,2026-10-15,Quiz 2,82.3,100.0
STU-1005,DATA-101,2026-11-05,Final Exam,86.0,100.0
STU-1006,DATA-101,2026-09-10,Quiz 1,82.2,100.0
STU-1006,DATA-101,2026-09-30,Midterm Exam,93.7,100.0
STU-1006,DATA-101,2026-10-15,Quiz 2,90.8,100.0
STU-1006,DATA-101,2026-11-05,Final Exam,85.0,100.0
STU-1007,DATA-101,2026-09-10,Quiz 1,89.6,100.0
STU-1007,DATA-101,2026-09-30,Midterm Exam,97.0,100.0
STU-1007,DATA-101,2026-10-15,Quiz 2,83.7,100.0
STU-1007,DATA-101,2026-11-05,Final Exam,95.1,100.0
STU-1008,DATA-101,2026-09-10,Quiz 1,88.9,100.0
STU-1008,DATA-101,2026-09-30,Midterm Exam,89.9,100.0
STU-1008,DATA-101,2026-10-15,Quiz 2,95.4,100.0
STU-1008,DATA-101,2026-11-05,Final Exam,88.3,100.0
STU-1009,DATA-101,2026-09-10,Quiz 1,90.1,100.0
STU-1009,DATA-101,2026-09-30,Midterm Exam,93.0,100.0
STU-1009,DATA-101,2026-10-15,Quiz 2,97.7,100.0
STU-1009,DATA-101,2026-11-05,Final Exam,87.5,100.0
STU-1010,DATA-101,2026-09-10,Quiz 1,95.3,100.0
STU-1010,DATA-101,2026-09-30,Midterm Exam,93.3,100.0
STU-1010,DATA-101,2026-10-15,Quiz 2,92.2,100.0
STU-1010,DATA-101,2026-11-05,Final Exam,88.5,100.0
STU-1011,CS-204,2026-09-10,Quiz 1,87.6,100.0
STU-1011,CS-204,2026-09-30,Midterm Exam,82.9,100.0
STU-1011,CS-204,2026-10-15,Quiz 2,84.1,100.0
STU-1011,CS-204,2026-11-05,Final Exam,83.1,100.0
STU-1012,CS-204,2026-09-10,Quiz 1,93.9,100.0
STU-1012,CS-204,2026-09-30,Midterm Exam,86.1,100.0
STU-1012,CS-204,2026-10-15,Quiz 2,84.6,100.0
STU-1012,CS-204,2026-11-05,Final Exam,83.4,100.0
STU-1013,CS-204,2026-09-10,Quiz 1,95.5,100.0
STU-1013,CS-204,2026-09-30,Midterm Exam,95.9,100.0
STU-1013,CS-204,2026-10-15,Quiz 2,92.7,100.0
STU-1013,CS-204,2026-11-05,Final Exam,86.5,100.0
STU-1014,CS-204,2026-09-10,Quiz 1,85.9,100.0
STU-1014,CS-204,2026-09-30,Midterm Exam,86.7,100.0
STU-1014,CS-204,2026-10-15,Quiz 2,89.4,100.0
STU-1014,CS-204,2026-11-05,Final Exam,84.5,100.0
STU-1015,CS-204,2026-09-10,Quiz 1,89.1,100.0
STU-1015,CS-204,2026-09-30,Midterm Exam,86.2,100.0
STU-1015,CS-204,2026-10-15,Quiz 2,97.4,100.0
STU-1015,CS-204,2026-11-05,Final Exam,97.6,100.0
STU-1016,CS-204,2026-09-10,Quiz 1,90.8,100.0
STU-1016,CS-204,2026-09-30,Midterm Exam,85.9,100.0
STU-1016,CS-204,2026-10-15,Quiz 2,97.5,100.0
STU-1016,CS-204,2026-11-05,Final Exam,87.0,100.0
STU-1017,CS-204,2026-09-10,Quiz 1,87.7,100.0
STU-1017,CS-204,2026-09-30,Midterm Exam,82.0,100.0
STU-1017,CS-204,2026-10-15,Quiz 2,88.1,100.0
STU-1017,CS-204,2026-11-05,Final Exam,89.6,100.0
STU-1018,CS-204,2026-09-10,Quiz 1,90.0,100.0
STU-1018,CS-204,2026-09-30,Midterm Exam,85.2,100.0
STU-1018,CS-204,2026-10-15,Quiz 2,90.1,100.0
STU-1018,CS-204,2026-11-05,Final Exam,82.1,100.0
STU-1019,CS-204,2026-09-10,Quiz 1,64.0,100.0
STU-1019,CS-204,2026-09-30,Midterm Exam,61.3,100.0
STU-1019,CS-204,2026-10-15,Quiz 2,66.0,100.0
STU-1019,CS-204,2026-11-05,Final Exam,60.6,100.0
STU-1020,CS-204,2026-09-10,Quiz 1,60.3,100.0
STU-1020,CS-204,2026-09-30,Midterm Exam,64.6,100.0
STU-1020,CS-204,2026-10-15,Quiz 2,63.5,100.0
STU-1020,CS-204,2026-11-05,Final Exam,68.8,100.0
STU-1021,STAT-301,2026-09-10,Quiz 1,67.9,100.0
STU-1021,STAT-301,2026-09-30,Midterm Exam,71.3,100.0
STU-1021,STAT-301,2026-10-15,Quiz 2,69.9,100.0
STU-1021,STAT-301,2026-11-05,Final Exam,70.7,100.0
STU-1022,STAT-301,2026-09-10,Quiz 1,73.2,100.0
STU-1022,STAT-301,2026-09-30,Midterm Exam,65.8,100.0
STU-1022,STAT-301,2026-10-15,Quiz 2,64.9,100.0
STU-1022,STAT-301,2026-11-05,Final Exam,74.8,100.0
STU-1023,STAT-301,2026-09-10,Quiz 1,62.2,100.0
STU-1023,STAT-301,2026-09-30,Midterm Exam,70.9,100.0
STU-1023,STAT-301,2026-10-15,Quiz 2,69.6,100.0
STU-1023,STAT-301,2026-11-05,Final Exam,60.7,100.0
STU-1024,STAT-301,2026-09-10,Quiz 1,72.5,100.0
STU-1024,STAT-301,2026-09-30,Midterm Exam,73.4,100.0
STU-1024,STAT-301,2026-10-15,Quiz 2,69.4,100.0
STU-1024,STAT-301,2026-11-05,Final Exam,71.0,100.0
STU-1025,STAT-301,2026-09-10,Quiz 1,46.4,100.0
STU-1025,STAT-301,2026-09-30,Midterm Exam,37.0,100.0
STU-1025,STAT-301,2026-10-15,Quiz 2,42.3,100.0
STU-1025,STAT-301,2026-11-05,Final Exam,42.1,100.0
STU-1026,STAT-301,2026-09-10,Quiz 1,46.7,100.0
STU-1026,STAT-301,2026-09-30,Midterm Exam,46.3,100.0
STU-1026,STAT-301,2026-10-15,Quiz 2,46.6,100.0
STU-1026,STAT-301,2026-11-05,Final Exam,43.2,100.0
STU-1027,STAT-301,2026-09-10,Quiz 1,47.5,100.0
STU-1027,STAT-301,2026-09-30,Midterm Exam,44.6,100.0
STU-1027,STAT-301,2026-10-15,Quiz 2,44.7,100.0
STU-1027,STAT-301,2026-11-05,Final Exam,38.2,100.0
STU-1028,STAT-301,2026-09-10,Quiz 1,35.4,100.0
STU-1028,STAT-301,2026-09-30,Midterm Exam,36.9,100.0
STU-1028,STAT-301,2026-10-15,Quiz 2,40.0,100.0
STU-1028,STAT-301,2026-11-05,Final Exam,36.5,100.0
STU-1029,STAT-301,2026-09-10,Quiz 1,46.7,100.0
STU-1029,STAT-301,2026-09-30,Midterm Exam,42.8,100.0
STU-1029,STAT-301,2026-10-15,Quiz 2,43.8,100.0
STU-1029,STAT-301,2026-11-05,Final Exam,43.8,100.0
STU-1030,STAT-301,2026-09-10,Quiz 1,44.5,100.0
STU-1030,STAT-301,2026-09-30,Midterm Exam,41.9,100.0
STU-1030,STAT-301,2026-10-15,Quiz 2,35.0,100.0
STU-1030,STAT-301,2026-11-05,Final Exam,46.2,100.0
